image_name,unsplash_url
pasta1,https://unsplash.com/photos/SJ7uORconic
pasta2,https://unsplash.com/photos/PLyJqEJVre0
pasta3,https://unsplash.com/photos/Pvclb-iHHYY
bread1,https://unsplash.com/photos/rYOqbTcGp1c
bread2,https://unsplash.com/photos/rsWZ-P9FbQ4
bread3,https://unsplash.com/photos/59zgPU1aTgY
milk1,https://unsplash.com/photos/S1HuosAnX-Y
milk2,https://unsplash.com/photos/_8bnn1GqX70
milk3,https://unsplash.com/photos/2dzhYsVhLVA
sky1,https://unsplash.com/photos/v9bnfMCyKbg
sky2,https://unsplash.com/photos/xYfhRemMRMY
sky3,https://unsplash.com/photos/hgGplX3PFBg
people1,https://unsplash.com/photos/oatYheJMm9E
people2,https://unsplash.com/photos/g1Kr4Ozfoac
people3,https://unsplash.com/photos/X53e51WfjlE
couple1,https://unsplash.com/photos/KwcrgtdeQNE
couple2,https://unsplash.com/photos/7k9gVf6vdY4
couple3,https://unsplash.com/photos/1VAmHZktns0
student1,https://unsplash.com/photos/3i3orNNtd5A
student2,https://unsplash.com/photos/h448yp0t2qQ
student3,https://unsplash.com/photos/6RTM8EsD1T8
lion1,https://unsplash.com/photos/ZxNKxnR32Ng
lion2,https://unsplash.com/photos/2vbhN2Yjb3A
lion3,https://unsplash.com/photos/0pDUGYuDYWw
duck1,https://unsplash.com/photos/rN3dqzDrhdk
duck2,https://unsplash.com/photos/D5sLHz86WtM
duck3,https://unsplash.com/photos/fXls-tVemno
dog1,https://unsplash.com/photos/K4mSJ7kc0As
dog2,https://unsplash.com/photos/mx0DEnfYxic
dog3,https://unsplash.com/photos/mx0DEnfYxic
cat1,https://unsplash.com/photos/5s0MuxRGf6M
cat2,https://unsplash.com/photos/9SWHIgu8A8k
cat3,https://unsplash.com/photos/NodtnCsLdTE
bear1,https://unsplash.com/photos/ETsFvMEBKTw
bear2,https://unsplash.com/photos/y421kXlUOQk
bear3,https://unsplash.com/photos/BN_ZAk0plVk
woman1,https://unsplash.com/photos/qdKk2v5LzVg
woman2,https://unsplash.com/photos/C7m7RSFONYc
woman3,https://unsplash.com/photos/vYpbBtkDhNE
man1,https://unsplash.com/photos/KjqKEC-28Us
man2,https://unsplash.com/photos/Gf8xG0a0XDY
man3,https://unsplash.com/photos/das6NrjLoM0
